correct,answer_evaluation_reasoning,ClarifierAgent_score,DirectQAAgent_score,DecomposerAgent_score,FreeAgent_score,AggregatorAgent_score,ClarifierAgent_reasoning,DirectQAAgent_reasoning,DecomposerAgent_reasoning,FreeAgent_reasoning,AggregatorAgent_reasoning,final_score
True,"The predicted answer 93.00 is numerically equal to the gold answer 93.0 (difference is only formatting/precision). Including the unit “(millions of dollars)” does not change the numeric value. No computation beyond rounding is required, so the prediction matches the gold answer.",1.0,1.0,,,,"The user's question explicitly named the metric (""equipment rents payable"") and the period (""2008""). The agent returned the identical question without altering the metric or period, so it remained faithful to the original intent. Suggestion: to reduce ambiguity, the agent could ask for the company, data source, or currency/units if those might vary the answer (e.g., ""for which company or financial statement?"").","The retrieved context explicitly states ""dec . 31 2008 equipment rents payable is 93.00"" and the table is labeled ""millions of dollars."" The agent's answer ""93.00 (millions of dollars)"" matches the extracted numeric value and units exactly; no additional computation was required.",,,,1.0
True,"The predicted answer represents the same numeric value as the gold answer (103.0). It is simply formatted to two decimal places and adds the unit ""millions of dollars."" No computation beyond rounding is required.",1.0,1.0,,,,"The Clarifier preserved the original metric ""equipment rents payable"" and only changed the period from 2008 to 2007 as the user's follow-up requested. That matches the user's intent and does not alter the metric or introduce new ambiguity. No corrections are necessary; only a generic suggestion that when prior context includes multiple metrics or periods the agent should explicitly confirm which one is meant.","The retrieved context explicitly states ""dec . 31 2007 equipment rents payable is 103.00"" and the table header indicates amounts are in ""millions of dollars."" No additional arithmetic was required. The agent's answer ""103.00 (millions of dollars)"" exactly matches the source and preserves the numeric value and units.",,,,1.0
True,Gold and predicted answers match exactly.,0.5,1.0,1.0,0.5,1.0,"The Clarifier preserved the metric ('equipment rents payable') and the periods (2008 and 2007) from the prior questions and simply combined them into a single, clearer query asking for the difference. This is faithful to the user's intent. Improvement suggestion: ask whether the user wants the absolute amount difference, the percentage change, or both (and confirm the direction, e.g., 2008 minus 2007), and specify currency/units if relevant.","The agent correctly marked can_answer_directly = False. The retrieved context does contain the two numeric facts (equipment rents payable: 2007 = 103.00; 2008 = 93.00), but computing the difference requires arithmetic (subtraction), which per the instructions counts as additional computation. Therefore the agent should not produce a direct numeric answer from the facts alone. (For clarity: the raw difference would be 10.00.)","The two subproblems directly target the values needed to answer the final question (equipment rents payable for 2008 and for 2007). Each subproblem is atomic and requests a single factual retrieval from the company's financial statements, requiring no additional computation beyond taking the difference. Together they are sufficient to produce the final answer.","Both FreeAgent outputs correctly and faithfully extracted the equipment rents payable amounts from the retrieved table. The retrieved chunk shows the table header “millions of dollars” and the table entries: dec. 31 2008 equipment rents payable = 93.00 and dec. 31 2007 equipment rents payable = 103.00. The FreeAgent answers (“93.00 (millions of dollars)” and “103.00 (millions of dollars)”) therefore match the source.

Issues and improvements:
- Numeric representation: The user requirement mandates numeric values without words (e.g., 1000000 not 1 million). To avoid ambiguity, convert the reported millions into plain dollar amounts when returning final answers. For clarity, present as 93000000.00 (dollars) and 103000000.00 (dollars) or with currency symbol: $93,000,000.00 and $103,000,000.00. This makes the scale explicit and satisfies the “no words” rule.
- Explicit citation: Include the source table heading and file/page (e.g., Single_UNP/2008/page_77.pdf — table “Accounts payable and other current liabilities (millions of dollars)”) so the user can verify the extraction.
- Decimal interpretation: The FreeAgent used “93.00” and “103.00” correctly as millions. Emphasize in output that the dot is a decimal (not a thousands separator) and that the values correspond to 93,000,000.00 and 103,000,000.00 dollars.

Conclusion: The agents retrieved the correct values and noted the correct scale; revise the output format to plain numeric dollar amounts (no words) and add a brief source citation to fully meet the stated requirements.","The aggregator computed new_value - old_value: a = 93.00 (2008), b = 103.00 (2007) and returned 93.00 - 103.00 = -10.0, which correctly represents a $10 million decrease (net change). Improvements: use explicit variable names (new_value, old_value), include units (millions of dollars) or a comment, and handle the percent-change case separately using (new_value - old_value)/old_value * 100 with a guard for old_value == 0. If the user had asked for percent change, the current code would be incorrect and should be updated as described.",0.8
True,"103.00 is numerically equal to 103.0 (only a formatting/rounding difference). The added unit label ""(millions of dollars)"" does not change the numeric value, and no further computation is required.",1.0,0.5,1.0,,,"The Clarifier preserved the metric (“equipment rents payable”) and the period (2007) from the conversation and simply restated the user’s intended question explicitly. It did not change the metric or year. Optional improvement: if needed, the agent could also confirm units/currency or the specific statement/note, but that is not required by the original prompts.","The retrieved context explicitly states ""dec . 31 2007 equipment rents payable is 103.00"" and the table is labeled in ""millions of dollars."" The agent's final answer ""103.00 (millions of dollars)"" matches the source exactly, required no arithmetic, and preserves the numeric value and units.",The single subproblem directly matches the final question by requesting the equipment rents payable for 2007; solving it yields the requested value. It is atomic (a single data retrieval) and requires no additional computation. No errors were found. (Optional suggestion: specifying the source document or statement could make retrieval unambiguous.),,,0.8333333333333334
True,"The predicted value -0.0970873786407767 rounds to five decimal places as -0.09709, which matches the gold answer. The absolute difference is about 2.62×10^-6, so only a rounding operation is needed to match the gold value.",1.0,1.0,1.0,0.0,0.0,"The previous questions explicitly specify the metric (equipment rents payable) and the two years (2007 and 2008). The Clarifier rephrased the ambiguous ‘‘percentage change during this time’’ into ‘‘% change in equipment rents payable from 2007 to 2008,’’ preserving both metric and period. Minor improvement: confirm the percent-change base (e.g., change relative to 2007) and any desired rounding/format (e.g., one decimal place).","Correct — the agent correctly determined the question cannot be answered directly. The retrieved context does contain the two raw values (equipment rents payable: 2007 = 103.00; 2008 = 93.00), but answering what the % change is requires arithmetic ((93.00 − 103.00) ÷ 103.00 × 100), and the task definition treats any required arithmetic as additional computation. Therefore the agent was right to report that it cannot answer directly without performing that calculation.","The two subproblems directly retrieve the two numeric values required to compute the percent change (equipment rents payable at year-end 2007 and at year-end 2008). They are relevant, sufficient, atomic, and retrieval-only (each asks for a single fact). With those two values, the percent change can be calculated externally. (Optional check: ensure both figures use the same currency/units and represent year-end balances.)","Summary: The FreeAgent correctly retrieved the table values for equipment rents payable (103.00 for 2007 and 93.00 for 2008) and the retrieved chunks explicitly state the column is ""millions of dollars."" However, the subproblems requested the amounts in ""(dollars)"". The agent returned the table numbers with the unit ""(millions of dollars)"" instead of converting to plain dollars, so it did not fully meet the task.

Details and corrections:
- 2007: Retrieved chunk shows equipment rents payable = 103.00 (millions of dollars). The FreeAgent answered ""103.00 (millions of dollars)"". The correct answer in dollars is 103.00 * 1,000,000 = 103000000.00 (dollars).
- 2008: Retrieved chunk shows equipment rents payable = 93.00 (millions of dollars). The FreeAgent answered ""93.00 (millions of dollars)"". The correct answer in dollars is 93.00 * 1,000,000 = 93000000.00 (dollars).

How to improve (concrete):
1) When the retrieved chunks indicate a scaling unit (e.g., ""millions of dollars"") and the question asks for dollars, convert by multiplying by the scale factor (millions → *1,000,000).
2) Present the numeric answer as plain digits (e.g., 103000000.00) and optionally include the unit separately (dollars or $103000000.00) for clarity. Avoid leaving the answer in the table’s abbreviated unit when the question requests a different unit.
3) For traceability, include the original table value and unit (source) together with the converted numeric answer.

Conclusion: Retrieval was accurate; failure was in unit/scale conversion. Fixing the conversion yields: 2007 = 103000000.00 (dollars); 2008 = 93000000.00 (dollars).","The aggregator's code computes (new - old) / old (with old=103.0 and new=93.0) and returns -0.0970873786407767. That matches the percent_change formula in fractional form, so it is correct only if the original question asked for percent change (as a decimal). If the original question asked for net change in dollars, the code is incorrect: net change should be new - old = 93.0 - 103.0 = -10.0 (millions of dollars). Improvements: (1) If net change was requested, change the code to return new - old. (2) If percent change was requested, either return (new - old) / old * 100 and label with '%' or clearly state that the returned value is a fractional change; also handle old == 0 to avoid division by zero. (3) Preserve and report units (subproblem answers are in millions of dollars) and round the result to a sensible precision. Example fixes: return new - old  # => -10.0 (millions) or return (new - old) / old * 100  # => -9.70873786407767 (%) with zero-check and rounding.",0.6
